"","date","source","title","content","url"
"1",2018-04-05 19:02:08,"Cnnindonesia.com","Polisi Autopsi Korban Pembunuhan Pondok Labu","dhf cnn indonesia jumat wib jakarta cnn indonesia jenazah korban pembunuhan di kompleks tni angkatan laut pondok labu jakarta selatan telah dibawa ke rumah sakit polri di kramat jati jakarta timur jenazah diangkut dengan ambulan dari lokasi sekitar pukul wib jumat kepala polres jakarta selatan kombes indra jafar mengatakan jenazah akan diautopsi sesuai prosedur operasional standar yang berlaku dalam penyidikandibawa ke kramatjati untuk diautopsi memang merupakan sop baru nanti diserahkan ke pihak keluarga kata indra saat ditemui di tkp jumat indra juga mengatakan proses penyelidikan dan olah tkp masih akan dilanjutkan pagi nanti rumah korban masih dikelilingi garis polisipolisi kata indra belum bisa menyimpulkan identitas dan motif pelaku indra menyebut pihaknya akan mengerahkan segala upaya untuk mengejar pelakusudah ada petunjuk tapi yang jelas semua tahapan olah tkp sudah dijalani semua mudahmudahan kita bisa segera kejar pelakunya ujarnyasaat ini kepolisian memperkirakan pelaku pembunuhan berjumlah satu orang namun jejak pelaku belum dapat diketahui keberadannya meski sudah menurunkan anjing pelacak sebanyak dua kali pelaku diduga melarikan diri usai menikam h di kediamannya kamis sekitar pukul wib istri h s berhasil menyelamatkan diri dan meminta tolong warga sekitar petugas kepolisian pun datang setelah mendapat laporan warga osc pondok labu pembunuhan di pondok labu","https://www.cnnindonesia.com/nasional/20180406015444-20-288710/polisi-autopsi-korban-pembunuhan-pondok-labu"
"2",2018-04-05 18:27:17,"Cnnindonesia.com","Amnesty Internasional Minta Ahok dan Eks Gafatar Dibebaskan","jnp cnn indonesia jumat wib jakarta cnn indonesia direktur eksekutif amnesty international indonesia usman hamid meminta agar mantan gubernur dki jakarta basuki tjahaja purnama alias ahok yang tesandung kasus penistaan agama segera dibebaskan tanpa syarat usman juga meminta pihak otoritas membebaskan tiga eks pemimpin gerakan fajar nusantara gafatar ahmad mushaddeq mahful muis tumanurung dan andri cahya mereka semua sebut usman dipenjara hanya karena memberikan pandangan dan pendapat yang kebebasannya sudah dijamin dalam undangundang karena itu ia meminta agar pemerintah membebaskan keempat orang iniotoritas di indonesia harus segera membebaskan tanpa syarat ahok dan ketiga eks pemimpin gafatar kata usman di kantor amnesty international indonesia menteng jakarta kamis hamid kemudian menyesalkan keputusan mahkamah agung ma yang menolak peninjauan kembali pk ahok ia menyebut ma melewatkan kesempatan untuk mengakhiri proses hukum yang tidak adil yang dijalani oleh ahokma kehilangan kesempatan untuk memperbaiki hukuman yang tidak adil dan memastikan perlindungan atas kemerdekaan berpendapat dan berkeyakinan di indonesia ucap usmankarena itu untuk dapat mengakhiri ketidakadilan hukum yang dijalani oleh ahok usman meminta agar pihakpihak otoritas di indonesia dapat melakukan penyelidikan terkait dugaan pelanggaran terhadap peradilan yang adil lebih lanjut usman menyebut pemerintah harus meninjau kembali pasalpasal penodaan agama ia menyebut pasalpasal ini dapat melemahkan kemerdekaan dan hak berpendapat dan beragama praktik pemenjaraan dengan vonis penodaan agama tidak adil dan melanggar kewajiban ham indonesia dalam hukum internasional kami minta mencabut pasalpasal penodaan agama yang diskriminatif di seluruh perangkat perundangundangan kata usmandari tahun sampai usman menyebut ada orang yang tersandung pasal undangundang nomor pnps tahun tentang pencegahan penyalahgunaan dan atau penodaan agama serta pasal kuhp usman menyebut ahok merupakan pejabat publik dengan pangkat paling tinggi yang dipidana dengan pasal penistaan agama di tahun usman menambahkan terdapat orang yang dipidana pasal penistaan agama ada kasus dugaan penistaan agama oleh ahok dan kasus gafatar yang menyeret ketiga pemimpinnya ahmad mushaddeq mahful muis tumanurung dan andri cahya osc","https://www.cnnindonesia.com/nasional/20180406011010-20-288708/amnesty-internasional-minta-ahok-dan-eks-gafatar-dibebaskan"
"3",2018-04-05 17:11:21,"Viva.co.id","Cerita Terapi Dokter Terawan Bikin Prabowo Kuat Pidato 5 Jam","viva – terapi 'cuci otak' yang dilakukan dokter terawan terbukti sudah dirasakan khasiatnya oleh berbagai pihak banyak tokohtokoh penting di negeri ini pun yang sudah merasakan manfaat dari terapi itu salah satunya ketua umum partai gerindra prabowo subianto menuurut dia dokter terawan merupakan aset yang dimiliki bangsa lantar mampu menciptakan inovasi di bidang medis terkait penemuan metode terapi yang dilakukan dia pun menceritakan hingga saat ini telah mengikuti tiga kali terapi yang dilakukan terawan hasilnya penyakit vertigo yang sering dirasakannya pun berangsurangsur hilang ilustrasi terapi dokter terawan saya ingin keempat kali lagi ujar prabowo di jakarta kamis april prabowo pun mengungkapkan berkat terapi ini pun semangatnya untuk terus berkecimpung di ranah politik pun terus terjaga karena kondisi kesehatannya terkontrol dengan baik sekarang fit saya bisa jam pidato tolong pak terawan itu aset bangsa tegasnya","https://www.viva.co.id/berita/nasional/1023625-cerita-terapi-dokter-terawan-bikin-prabowo-kuat-pidato-5-jam"
"4",2018-04-05 16:20:00,"Tribunnews.com","Bantah Operasi Plastik, Ayu Ting-ting Rela Disuntik Seminggu Sekali Demi Ini","kamis april kompascom penyanyi dangdut ayu ting di gedung trans tv tendean jakarta selatan selasa kompascomdian reinis kumampung bangkaposcompenyanyi dangdut ayu ting ting mengaku kerap melakukan perawatan untuk mencerahkan kulitnya dengan melakukan suntik setiap minggu sekali perawatan ini dilakukan ayu demi menjaga penampilannya bukan suntik putih jadi sekarang saya di perawatan saya jadi itu ada namanya ada suntik buat mencerahkan kulit gitu jadi memang seminggu sekali suka disuntik itu ujarnya saat ditemui di gedung trans tv tendean jakarta selatan kamis selain suntik mencerahkan pelantun alamat palsu itu juga menjalani perawatan suntik vitamin kalau saya lagi bisa itu kaya suntik vitamin juga supaya kulit juga tetap terjaga soalnya saya orangnya malas banget pake body lotion saya dari dulu sampai sekarang jarang banget bahkan enggak pernah gitu katanya bantah operasi plastik penampilan penyanyi dangdut ayu ting ting disebut berbeda setelah ia menjadi terkenal dan sukses ayu disebutsebut telah melakukan sejumlah perubahan pada bagian wajah dan tubuhnya ditemui di gedung trans tv tendean jakarta selatan kamis pelantun sambalado ini menampik kabar tersebut sebenarnya sih enggak ada yang berubah ya saya sebenarnya sama saja mungkin saya sekarang lebih kurus jadi kelihatan lebih kecil sama lebih tirus aja sih ucapnya kalau di ubahubah operasi sih enggak kalau perawatan wajah iya suka banget lanjutnya ayu mengatakan selama ini ia hanya melakukan perawatan rutin untuk tubuh dan wajahnya biasanya kalau skin care rutin ya paling kaya sunblock terus pelembab wajah supaya enggak kering serum itu biasanya kalau sebelum tidur harus pakai itu gitu dan harus rajin cuci muka intinya sih gitu ucapnya bagi ayu merawat wajah harusnya dilakukan oleh wanita dan juga pria untuk menjaga penampilan sebenarnya semua perempuan bukan perempuan doang sih lakilaki juga harus merawat kulitnya karena kan kita sudah dikasih lengkap gitu dari allah ya kita sebagai manusia bagaimana caranya gitu menjaga diri dengan baik salah satunya dengan perawatan ujarnya","http://bangka.tribunnews.com/2018/04/05/bantah-operasi-plastik-ayu-ting-ting-rela-disuntik-seminggu-sekali-demi-ini"
"5",2018-04-05 16:06:00,"Republika.co.id","Ini Data 34 Korban Tewas Akibat Miras Oplosan","berdasarkan data yang dihimpun jumlah korban tewas telah mencapai orang republikacoid jakarta jumlah korban tewas akibat minuman keras miras oplosan di wilayah jakarta dan sekitarnya terus bertambah berdasarkan data yang dihimpun republikacoid jumlah korban tewas telah mencapai orang berdasarkan data dari polres metro jakarta selatan ada delapan orang korban miras oplosan yang tewas di wilayah jagakarsa jakarta selatan berikut datanya • wahono warga srengseng sawah jagakarsa jakarta selatan • ahmad lupiar warga srengseng sawah jagakarsa jakarta selatan • muh fajarhijri syahida warga srengseng sawah jagakarsa jakarta selatan • yudi hariyanto warga srengseng sawah jagakarsa jakarta selatan meninggal pada selasa di rs sentra medika • mariat supriyatna warga srengseng sawah jagakarsa jakarta selatan meninggal pada selasa di rsud pasar minggu • mansur warga srengseng sawah jagakarsa jakarta selatan meninggal pada selasa di rsud pasar minggu • sulaiman warga srengseng sawah jagakarsa jakarta selatan meninggal pada senin di rs zahira jagakarsa • ferry ferdian warga srengseng sawah jagakarsa jakarta selatan meninggal pada ahad di rs zahira jagakarsa kemudian hingga saat ini total korban tewas di jakarta timur bertambah lagi menjadi orang berdasarkan data dari polres metro jakarta timur mereka adalah • hendrik darini alifi warga duren sawit jakarta timur meninggal di rs pondok kopi • dede kurniadi warga cakung jakarta timur meninggal di rs pondok kopi • raditya pradipta warga duren sawit jakarta timur meninggal di rs pondok kopi • rosadi warga duren sawit jakarta timur meninggal di rs pondok kopi • ahmad rifai warga jatibening bekasi jawa barat meninggal di rs pondok kopi • yudi warga jatinegara jakarta timur meninggal di rs persahabatan • fikar fausan warga jatiasih bekasi jawa barat meninggal dj rs persahabatan • elang warga jatinegara jakarta timur meninggal di rs persahabatan • yamaris warga duren sawit jakarta timur • aprizal hardiyansyah warga duren sawit jakarta timur untuk di wilayah depok jawa barat jumlah terakhir disebutsebut sudah mencapai delapan orang berdasarkan data dari polda metro jaya berikut namanamanya • muhammad muljafar warga pondok cina beji depok jawa barat meninggal pada senin • andri warga pondok cina beji depok jawa barat meninggal pada senin • ani warga pondok cina beji depok jawa barat meninggal pada senin imron warga pondok cina beji depok jawa barat meninggal pada selasa di rs tugu ibu • darmawan kusuma warga pancoran mas depok jawa barat meninggal pada selasa • agus warga pancoran mas depok jawa barat meninggal pada rabu di kediamannya • hariyandi warga mampang depok jawa barat meninggal pada ahad • m sidik warga mampang depok jawa barat meninggal pada selasa tidak sampai di tiga wilayah itu saja korban tewas akibat miras oplosan juga terjadi di wilayah bekasi jawa barat terakhir jumlah korban tewas disebut sudah mencapai delapan orang berdasarkan data dari polres metro bekasi kota mereka adalah • adiansyah • m ridwan • arifin • doni • abu tolib • abi abustian • anisa adilah • bernik adenan","http://www.republika.co.id/berita/nasional/jabodetabek-nasional/18/04/05/p6pzei354-ini-data-34-korban-tewas-akibat-miras-oplosan"
"6",2018-04-05 15:47:36,"Akurat.co","Raja Salman Undang Khusus Risma Bicarakan Memanusiakan Kota",NA,"https://news.akurat.co/id-189227-read-raja-salman-undang-khusus-risma-bicarakan-memanusiakan-kota"
"7",2018-04-05 15:20:17,"Viva.co.id","?Usai Menembak, Wakapolres Lombok Tengah Serahkan Diri","viva – usai melakukan penembakan hingga tewas terhadap jumingan alias jun wakapolres lombok tengah kompol fahrizal menyerahkan diri ke polrestabes medan korban sendiri merupakan adik ipar kompol fahrizal namun pihak kepolisian masih mendalami motif pembunuhan yang melibatkan personel dari polda ntb tersebut termasuk melakukan pemeriksaan terhadap sejumlah saksi pelaku membawa senpi senjata api bersama ibunya melapor ke polrestabes medan dan diterima oleh wakapolrestabes medan dan proses berjalan ungkap kapolda sumut irjen pol paulus waterpauw kepada wartawan di mako polda sumut kamis sore april kemudian polda sumut mengambil alih proses penyidikan tersebut paulus mengatakan dalam olah tkp penyidik polda sumut mengamankan satu pucuk senpi berjenis revolver butir selongsong amunisi butir proyektil dan buah kartu senpi kami ambil alih dan penanganan di polda sumut kemudian pelakunya ada di belakang saya di polda sumut saksi kita periksa orang pada umumnya adalah keluarga ucap jenderal berbintang dua itu penembakan dilakukan kompol fahrizal di rumah orangtua di jalan tirtosarimestika gang keluarga kelurahan bantan kecamatan medan tembung kota medan rabu malam april atas kejadian itu korban jun tewas tertebak senjata api milik fahrizal untuk diketahui kompol fahrizal sebelum menjabat wakapolres lombok tengah polda nusa tenggara barat ntb ia pernah menjabat dijajaran polda sumut seperti kasat reskrim polres labuhan batu kasat reskrim polresta medan kemudian menjadi wakasat reskrim polrestabes medan sebelum akhirnya menempuh pendidikan sespim bersangkutan pernah bertugas di sini jajaran polda sumut tapi sekarang bertugas di wilayah polda ntb tutur paulus","https://www.viva.co.id/berita/nasional/1023603-lrm-usai-menembak-wakapolres-lombok-tengah-serahkan-diri"
"8",2018-04-05 15:08:00,"Tribunnews.com","5 Fakta Kepsek SMAN 2 Malang Didemo Ratusan Siswa, Sederet Dugaan yang Dilakukannya","kamis april surya malang posbelitungco ratusan siswa sekolah menengah atas negeri sman kota malang melakukan aksi demo di depan sekolahnya pada hari kamis tadi mereka menutut dwi retno mundur dari jabatannya sebagai kepala sekolah sman malang akhirnya aksi demonstrasi itu menjadi perbincangan masyarakat buktinya nama 'sman malang' sampai masuk ke dalam daftar trending mesin pencarian google aksi demo itu disebabkan para siswa yang tak terima dengan tingkah semenamena dwi retno kala menjabat sebagai kepala sman malang dirinya dianggap sering melakukan kekerasan baik verbal ataupun fisik pada para muridnya dwi juga dianggap sering memberlakukan peraturan aneh seperti larangan pergi ke kamar mandi untuk siswa dan guru saat kegiatan belajar mengajar berlangsung bahkan ada juga yang menyebut jika dwi memotong beasiswa indonesia pintar sebesar rp ribu lebih parahnya lagi dwi dianggap tidak toleran pada para siswa yang orang tuanya belum bisa membayar uang pendaftaran ulang sebesar rp juta atas berbagai alasan itulah ratusan siswa berkumpul di lapangan sman malang untuk melakukan aksi demo lalu fakta apa saja yang berhasil didapat","http://belitung.tribunnews.com/2018/04/05/5-fakta-kepsek-sman-2-malang-didemo-ratusan-siswa-sederet-dugaan-yang-dilakukannya"
"9",2018-04-05 15:03:40,"Sindonews.com","Ketua MUI Pastikan Tak Ada Fatwa Khusus untuk Sukmawati","jakarta ketua mui kh ma'ruf amin menegaskan tak ada mengeluarkan fatwa bagi sukmawati soekarnoputri berbeda dengan saat kejadian basuki t purnama ahok beberapa waktu lalumenurut ma'ruf salah satu alasan kenapa tak mengeluarkan fatwa sematamata karena sikap kooperatif dari sukmawatiya orangnya sudah minta maaf sudah mengatakan tidak ada niat sudah gitu nah jadi ya kita saya kira tidak perlu itu kata ma'ruf di gedung mui jalan proklamasi gambir jakarta pusat kamis namun menurut rois aam pbnu itu tergantung dari karakteristik pribadi masingmasingtapi kalau orangnya ngeyel ngengkel baru kita keluarin orangnya dateng minta maaf kalau begitu kan ya sudahlah tapi kalau orangnya nantang baru mui keluarin fatwa kira kira begitu kan tambah ma'rufdia menilai belum jelas apakah ada unsur penistaan agama dalam puisi itu atau tidakmajelis ulama belum mendalami tapi kan reaksinya sudah ada ada juga yg membenarkan itu banyak yang tidak katanya majelis ulama tidak masuk ke situ dulu kita menganggap bagaimana ini kita mau kompromikan menyelesaikan mendamaikan kemudian membangun kembali persaudaraan tutupnya pur","https://nasional.sindonews.com/read/1295548/13/ketua-mui-pastikan-tak-ada-fatwa-khusus-untuk-sukmawati-1522940351"
"10",2018-04-05 14:56:05,"Viva.co.id","Besok, KPK Lantik Brigjen Firli sebagai Deputi Penindakan","viva komisi pemberantasan korupsi akan melantik brigjen firli sebagai deputi penindakan baru pada jumat april firli terpilih menggantikan irjen heru winarko yang telah diangkat sebagai kepala badan narkotika nasional besok akan dilakukan pelantikan deputi penindakan serta direktur penuntutan kpk kata juru bicara kpk febri diansyah di kantornya kuningan persada jakarta selatan kamis april menurut febri pelantikan akan dipimpin langsung oleh kelima pimpinan kpk tak hanya itu pihaknya juga bakal mengundang jajaran polri kejaksaan agung dan bnn firli diketahui sebelumnya menjabat kepala kepolisian daerah nusa tenggata barat dia terpilih melalui seleksi yang dilakukan kpk firli berhasil menyingkirkan calon lainnya yang juga mengikuti seleksi yakni bekas jaksa kpk wisnu baroto dan kepala kejaksaan negeri malang witono","https://www.viva.co.id/berita/nasional/1023592-besok-kpk-lantik-brigjen-firli-sebagai-deputi-penindakan"
"11",2018-04-05 14:49:40,"Sumeks.co.id","Asyik Nonton, Pengedar Sabu ini Dibekuk","tersangka ramang kanan foto dian cahyani sumekscoid prabumulih – peredaran sabu di kota prabumulih benarbenar sudah sangat darurat terbukti beberapa hari berturutturut satres narkoba polres prabumulih meringkus pemuja sabu di kota tersebut salahsatunya pemuja sabu yang berhasil diringkus adalah ramang al rasyid warga jl ra kartini kelurahan sukajadi kecamatan prabumulih timur kota prabumulih pelaku ditangkap saat sedang asyik nonton televisi di rumahnya rabu sekitar pukul wib penangkapan pelaku berawal dari informasi masyarakat yang resah karena sering terjadi transaksi narkoba di kediaman pelaku atas dasar itulah petugas langsung melakukan penyelidikan dengan mengintai kediaman pelaku setelah dipastikan pelaku ada di rumah dan informasi akurat petugas langsung melakukan penggerebekan chy","https://sumeks.co.id/asyik-nonton-pengedar-sabu-ini-dibekuk/"
"12",2018-04-05 14:20:08,"Kompas.com","Beralasan Tak Diberi Obat oleh KPK, Fredrich Minta Pindah Rutan","jakarta kompascom terdakwa fredrich yunadi mengajukan permohonan kepada majelis hakim agar dipindah tempat penahanannya fredrich beralasan selama di rumah tahanan komisi pemberantasan korupsi kpk haknya tak dipenuhi salah satunya hak untuk mendapatkan obatobatan kalau berkenan pak saya dipindahakan dari tahanan kpk pak saya tidak nyaman pak dengan perlakuan itu ujar fredrich kepada hakim di pengadilan tipikor jakarta kamis menurut fredrich atas resep yang diberikan dokter pribadinya ada sembilan jenis obat yang harus dikonsumsi salah satunya adalah alganax baca juga menurut fredrich novanto dibawa ke rs oleh ajudan dan politisi golkar aziz samual kepada majelis hakim fredrich mengatakan bahwa dia sangat membutuhkan obat tersebut obat itu berfungsi untuk mengendalikan tekanan darah namun menurut fredrich petugas rutan melarangnya mengonsumsi obat itu sejumlah yang diberikan dokter pribadinya fredrich mengatakan petugas rutan beralasan bahwa alganax termasuk dalam obat keras obat itu diberi butir sama dokter cuma ditahan pak diberi satusatu seperti bayi kami ini pak kata fredrich baca juga dikira sopir oleh saksi ini reaksi fredrich yunadi majelis hakim kemudian meminta fredrich membuat surat permohonan pemindahan rutan jika memang diinginkan selanjutnya permohonan itu akan dipertimbangkan oleh hakim sementara mengenai pemberian obat hakim meminta jaksa kpk untuk mengkroscek pengaduan fredrich itu menurut hakim apabila memungkinkan obat dapat tetap diberikan kepada fredrich kompas tv ada kesesuain antara keterangan saksisaksi yang dihadirkan jaksa baik di sidang bimanesh maupaun sidang fredrich","https://nasional.kompas.com/read/2018/04/05/21194281/beralasan-tak-diberi-obat-oleh-kpk-fredrich-minta-pindah-rutan"
"13",2018-04-05 14:17:01,"Liputan6.com","Data Pengguna Bocor, Menkominfo Ingatkan Facebook soal Ancaman Pidana","liputan com jakarta menteri komunikasi dan informatika menkominfo rudiantara bertemu perwakilan facebook petang hari ini kedua pihak bakal membahas soal jutaan data pengguna facebook indonesia yang disalahgunakan tadi siang saya sudah telepon facebook dan sore ini saya mau ketemu dengan facebook ungkapnya di kompleks istana merdeka jakarta kamis rudiantara menyebut hingga saat ini sudah diketahui ada satu juta data pengguna facebook indonesia yang bocor jika facebook tidak bisa bertanggung jawab atas kecerobohan tersebut maka akan dikenakan sanksi berdasarkan peraturan menteri pm kominfo tahun tentang perlindungan data pribadi dan undangundang informasi dan transaksi elektronik uu ite kalau facebook tidak bisa memastikan comply dengan peraturan menteri tentang data pribadi maka ada dua sanksi hukumnya sanksi administrasi maupun sanksi pidana pidana ada dua yaitu hukuman badan sampai tahun maupun denda sampai miliar jelasnya mantan wakil presiden direktur pt semen gresik persero ini memastikan dirinya terus membangun komunikasi dengan polri untuk mengantisipasi jika dibutuhkan penegakan hukum dalam kasus kebocoran data pengguna facebook indonesia saya koordinasi dengan polri kalau saya kan penindakan hukumnya di dunia maya nanti kalau diproses akan ada proses di polisi ujar dia","https://www.liputan6.com/news/read/3429275/data-pengguna-bocor-menkominfo-ingatkan-facebook-soal-ancaman-pidana"
"14",2018-04-05 11:39:51,"Tribunnews.com","Wali Kota Semarang : Peningkatan Ekonomi Butuh Kondusifitas","kamis april istimewa wali kota semarang hendrar prihadi tribunjatengcom semarang wali kota semarang hendrar prihadi menyebutkan bahwa kota semarang mempunyai sejarah panjang terkait keberagaman masyarakat untuk itu dirinya meminta agar perbedaan yang ada dalam masyarakat tidak dijadikan persoalan hari ini apalagi menurut walikota semarang yang akrab disapa hendi tersebut kemajuan ekonomi kota semarang pada saat ini sangat dipengaruhi oleh kondusifitas wilayah yang terjaga salah satu indikator perkembangan ekonomi kota semarang itu menurutnya dapat terlihat dari turunnya angka kemiskinan karena ekonomi membaik menurut data bps angka kemiskisnan kota semarang tahun masih di atas yaitu tapi hari ini sudah mampu ditekan menjadi di bawah tepatnya papar hendi untuk itu dalam rangka menjaga tren positif ekonomi di kota semarang hendi sebagai walikota semarang meminta semua unsur masyarakat mengedepankan sikap toleransi dalam pemilihan gubernur pilgub jawa tengah yang rentan terhadap konflik sosial hal tersebut disampaikannya dalam rapat kordinasi forum kordinasi pimpinan daerah forkompinda kota semarang bersama stakeholder untuk memelihara damai pilgub dan pemilu di kota semarang kamis “persoalan kondusifitas diperlukan dalam percepatan pembangunan sehingga jelang pemilihan gubernur jawa tengah ini masyarakat dipersilahkan untuk mendukung figur pasangan calon gubernur hanya saja apapun hasilnya nanti semua mesti mendukung dan tidak saling bermusuhan terlebih saat ini kota semarang memiliki stastistik pertumbuhan ekonomi yang baik” tegasnya hendi menganggap himbauan tersebut perlu disampaikannya mengingat jumlah konflik sosial di jawa tengah relatif tinggi dalam catatannya disebutkan bahwa sepanjang tahun ada kasus konflik sosial yang terjadi di jawa tengah jumlah itu walaupun lebih rendah dibanding jawa barat dengan kasus dan jakarta dengan kasusu namun disebutnya harus menjadi perhatian serius karena lebih tinggi dari jawa timur dengan kasus di tahun serta banten dengan kasus “pertempuran dalam pemenangan pasangan calon gubernur hanya terjadi dalam pemilu saja setelah itu semuanya mesti bersama membangun kota semarang salah satu contoh seperti saat ini antara eksekutif dan legistalif saling bahu membahu melaksanakan percepatan dan perkembangan wilayah meski berbedabeda partai” pungkasnya","http://jateng.tribunnews.com/2018/04/05/wali-kota-semarang-peningkatan-ekonomi-butuh-kondusifitas"
"15",2018-04-05 11:18:08,"Kompas.com","Ratna Sarumpaet: Emangnya Enggak Boleh Rakyat Menelepon Gubernurnya?","jakarta kompascom aktivis ratna sarumpaet merasa heran mengapa masyarakat meributkan soal dirinya yang menelepon gubernur dki jakarta anies baswedan saat mobilnya diderek petugas suku dinas perhubungan jakarta selatan menurut dia sebagai warga jakarta dia mempunyai hak menelepon anies emangnya enggak boleh rakyat menelpon gubernurnya kalau dia lagi kesulitan itu jadi pertanyaan penting saya ujar ratna saat dikonfirmasi apakah ia menelepon anies ketika mobilnya diderek petugas dishub kamis baca juga ratna sarumpaet berencana somasi dishub dki ratna menyampaikan saat itu dia memang menelepon anies namun telepon tersebut diangkat oleh salah satu staf anies yang bernama jhon menurut ratna saat itu jhon hanya menanyakan apa permasalahan yang sedang dialaminya lagi pula stafnya pak anies itu enggak menekan dishub dia cuma dia kan nanya sama saya 'apa yang saya bisa bantukan' terus saya bilang enggak ada sampaikan saja sama mereka dishub saya enggak akan ambil itu mobil biar saja di situ sampai kapan pun cuma itu doang kata ratna ratna menilai jhon tak bersalah dalam kasus ini menurut dia jhon tak pantas diberi sanksi karena permasalahan ini enggak perlulah misalnya pak anies jadi harus menindak yang membantu saya itu stafnya akan ditindak katanya saya kan baca itu kok ditindak emang dia ngapain emang berurusan sama ratna sarumpaet dosa kejahatan ucap dia baca juga wakadishub bantah petugasnya antarkan mobil ratna sarumpaet ke rumah perseteruan antara ratna dan petugas dishub berlangsung di taman tebet selasa petugas dishub menderek mobil ratna karena parkir di badan jalan ratna kemudian mengaku menelepon anies","https://megapolitan.kompas.com/read/2018/04/05/18175811/ratna-sarumpaet-emangnya-enggak-boleh-rakyat-menelepon-gubernurnya"
"16",2018-04-05 10:32:12,"Kompas.com","Prabowo Subianto Belum Deklarasi Capres karena Belum Punya ""Tiket""","jakarta kompascom ketua umum partai gerindra prabowo subianto memastikan tidak ada agenda pendeklarasian dirinya untuk maju pada pilpres dalam rapat koordinasi nasional rakornas partai gerindra gerindra akan menyelenggarakan rakornas pada rabu pekan depan hal itu disampaikannya merespons pernyataan sejumlah petinggi partai gerindra yang menyebutkan deklarasi pencapresan prabowo akan dilakukan saat rakornas saya kira belum ya tanggal belum deklarasi rapat koordinasi nasional apel kader nasional dan intern maaf tidak ada media ujar prabowo saat ditemui di sela rapat kerja nasional rakernas partai gerindra di hotel sultan jakarta kamis baca juga gerindra bantah pencapresan prabowo terganjal urusan logistik menurut prabowo rakornas tersebut digelar terkait persiapan konsolidasi dan koordinasi jelang pendaftaran calon anggota legislatif seluruh kader partai gerindra harus mengetahui syaratsyarat yang diperlukan jika berniat mencalonkan diri sebagai peserta di pemilu legislatif ya kan kita menghadapi pendaftaran calon legislatif ya jadi syaratsyaratnya harus kita umumkan supaya serentak seluruh indonesia mengerti syaratsyaratnya dan prosedurnya jadi ya nanti koordinasi dan konsolidasi lah kirakira kata mantan danjen kopassus itu prabowo belum bisa memastikan apakah ia akan maju sebagai capres seperti yang selama ini diinginkan oleh seluruh kader partai gerindra ia juga tak dapat memastikan kapan deklarasi pencapresan akan dilakukan saat wartawan bertanya soalapa yang membuat deklarasi tak kunjung dilakukan prabowo mengatakan ia belum mendapatkan tiket untuk maju sebagai capres baca juga gerindra optimistis prabowo menang meski parpol tak sebanyak jokowi partai gerindra masih membutuhkan satu partai lagi untuk berkoalisi dan mengusung prabowo sebagai capres meski partai keadilan sejahtera pks hampir dipastikan akan berkoalisi dengan gerindra tetapi koalisi belum resmi terbentuk lho deklarasi itu kalau sudah ada tiket kan belum ada tiket dan juga belum tentu situasi masih bisa berkembang ya kita berpikir positif sabarsabarlah kita cari yang terbaik ujar prabowo deklarasi prabowo sebelumnya sejumlah petinggi partai gerindra memastikan bahwa prabowo akan kembali menjadi penantang presiden joko widodo wakil ketua umum gerindra rachmawati soekarnoputri menuturkan prabowo akan tetap maju sebagai capres di pilpres ia mengungkapkan mantan danjen kopassus itu akan segera mendeklarasikan pencalonannya dalam waktu dekat kalau pilpres insya allah pak prabowo tetap akan maju insya allah ya nanti tunggu tanggal mainnya saja ujar rachmawati saat ditemui di kediaman pribadi prabowo jalan kertanegara jakarta selatan senin malam baca juga jika ingin jadi cawapres prabowo gatot nurmantyo harus mampu dekati pks hal senada juga diungkapkan oleh ketua dpp partai gerindra desmond j mahesa desmond menuturkan prabowo akan maju sebagai capres meski hingga saat ini belum mendeklarasikan diri tinggal menunggu waktu pak prabowo insya allah akan mencalonkan diri ujar desmond saat ditemui di gedung nusantara ii kompleks parlemen senayan jakarta senin saat ditanya terkait persiapan partai gerindra untuk mengusung prabowo wakil ketua komisi iii dpr itu mengaku partainya telah membentuk tim pemenangan di pilpres namun ia enggan untuk menjelaskan lebih lanjut terkait tim tersebut dan siapa saja anggota yang menjadi tim pemenangan desmond hanya menjelaskan bahwa tim tersebut terdiri dari beberapa ketua dewan pimpinan daerah partai gerindra kepastian soal pembentukan tim pemenangan juga diungkapkan oleh sekjen partai gerindra ahmad muzani prabowo kata muzani meminta masyarakat bersabar terkait pencalonan dirinya sebagai calon presiden pada pilpres baca juga csis basis massa sama gatot dan anies tak mampu dongkrak elektabilitas prabowo menurut muzani prabowo menyadari adanya harapan masyarakat terhadap partai gerindra dan ingin agar kembali mencalonkan diri tentang calon presiden pak prabowo meminta kesabaran semua pihak tentang hal ini karena bagaimanapun juga kita harus mengakui ada harapan besar dan keinginan besar masyarakat terhadap gerindra terhadap pak prabowo kata muzani muzani mengungkapkan keputusan prabowo untuk mencalonkan diri sebagai capres masih memerlukan perundingan dengan partai koalisi pasalnya partai gerindra hanya memiliki kursi di parlemen dan membutuhkan kursi tambahan dari partai koalisi agar gerindra bisa mencalonkan prabowo meski demikian muzani menegaskan kekurangan tersebut bisa diatasi sementara itu politisi partai gerindra supratman andi agtas mengatakan pembentukan tim pemenangan prabowo saat ini baru dilakukan di internal partai ia tidak menampik jika ada kelompokkelompok relawan yang mulai terbentuk secara formal belum baru secara informal mungkin kalau relawanrelawan pasti tapi resminya belum kalau relawan mungkin saja itu kan tidak bisa dilarang kata supratman kompas tv partai gerindra belum juga mengumumkan pencalonan ketua umumnya prabowo subianto","https://nasional.kompas.com/read/2018/04/05/17310501/prabowo-subianto-belum-deklarasi-capres-karena-belum-punya-tiket"
"17",2018-04-05 09:15:00,"Tempo.co","Benarkah Gairah Seks Perempuan Tinggi? Ini Jawaban Ilmiahnya","tempoco michigan ada anggapan bahwa gairah seks perempuan lebih tinggi ketimbang lakilaki anggapan tersebut ada benarnya kalau merujuk dari kacamata sains sebelum sampai sana ada baiknya anda mengenal yang namanya hormon testosteron tak sedikit orang yang percaya bahwa hormon ini adalah hormon seks para pria tapi sebetulnya tidak selain sama sekali tidak ada hubungannya dengan gairah seksual para pria hormon ini ternyata menurut studi yang terbit dalam jurnal archieves of sexual behavior juga ada pada perempuan nah menurut studi tersebut ternyata pada perempuanlah hormon ini bertanggungjawab atas hasrat seks perempuan sehat yang punya tingkat testosteron tinggi punya hasrat atau ketertarikan untuk melakukan masturbasi ketimbang melakukan hubungan badan dengan pasangannya tulis tim dalam jurnal yang dipimpin sari van anders pakar neuroendokrinologi dari university of michigan namun menurut van anders meski temuan ini unik tapi tidak bisa dijadikan rujukan hasrat seks seorang perempuan baca juga tinju dunia persiapan joshua hindari kudapan tidak puasa seks van anders dan tim melakukan riset terhadap peserta para peserta diminta menjawab kuisioner tentang kehidupan seksual mereka termasuk masturbasi selain itu tim juga melihat kadar hormon mereka dari sana tim berhasil mengungkap bahwa faktor hasrat untuk melakukan hubungan seksual dan masturbasi berbeda hasrat berhubungan seksual muncul dari berbagai faktor terkecuali hormon testosteron sedangkan masturbasi dipengaruhi hormon tersebut hormon testosteron pada perempuan diproduksi di kelenjar adrenal hormon ini juga bertanggungjawab atas tumbuhnya rambut halus di kelamin otot dan pengendapan lemak di sekitar pinggang baca juga hal tentang masturbasi pada seks pria awas seperti terong simak artikel menarik lainnya tentang hubungan seks dari kacamata sains hanya di kanal tekno tempoco archives of sexual behavior daily mail live science","https://tekno.tempo.co/read/1076203/benarkah-gairah-seks-perempuan-tinggi-ini-jawaban-ilmiahnya"
"18",2018-04-05 08:38:00,"Pikiran-rakyat.com","Komplotan Begal Belia Berhasil Diringkus","bandung pr polisi menangkap tujuh anggota komplotan pelaku pencurian dengan kekerasan yang sudah beraksi di sedikitnya lokasi di kota bandung seluruhnya tergolong anak di bawah umur bahkan di antaranya ada pelaku yang tercatat sebagai siswa smp pelaku ini dua siswa sma satu siswa smp dua siswa smk sisanya putus sekolah ujar kapolrestabes bandung hendro pandowo di mapolrestabes bandung kamis april dia menuturkan pengungkapan kasus tersebut diawali laporan adanya tindak pidana pencurian dengan kekerasan di jalan dr djundjunan bawah jembatan layang pasupati pada senin maret sekitar pukul wib ketika itu pelaku mengincar korban yang tengah menjadi penumpang angkutan daring roda dua dari arah kiri tersangka yang menggunakan sepeda motor roda dua memepet kemudian merampas tas yang dibawa korban para pelaku lalu melarikan diri ke arah cipaganti ketika itu korban berupaya mengejar namun pelaku mengancam dengan mengacungkan senjata tajam berupa golok yang dibawa dengan kondisi yang dinilai membahayakan upaya pengejaran dihentikan korban kemudian melaporkan kejadian yang dialami ke polsek cicendo setelah mendapat laporan petugas kemudian melakukan penelusuran salah satu langkahnya adalah dengan menggunakan akses aplikasi pelacakan yang dipasang di ponsel korban ponsel tersebut berada di dalam tas yang dirampas bahan keterangan juga digali dari saksi korban serta olah tempat kejadian perkara tak lama berselang tujuh pelaku ditangkap secara berangkai di lokasi berbeda yaitu mf f ma at rp ar serta mas sebagai barang bukti diamankan satu unit sepeda motor n max warna hitam yang digunakan untuk kejahatan satu unit sepeda motor yamaha mio senjata tajam jenis golok satu tas perempuan berisi dompet ponsel power bank kaca mata serta uang tunai rp dari hasil pemeriksaan tindakan pencurian dengan kekerasan tersebut bukan kali pertama dilakukan komplotan ini sudah beraksi di sedikitnya lokasi berbeda di kota bandung di antaranya di kawasan pasteur pasirkaliki cihampelas serta pajajaran modusnya selalu dengan memepet korban mengambil barang berharga jika korban melawan pelaku mengeluarkan senjata tajam kata hendro saat ini petugas masih melakukan penyelidikan lebih lanjut di antaranya dengan mengejar tiga nama lain yang diduga menjadi bagian dari komplotan tersebut penelusuran juga dilakukan untuk mengetahui keterkaitan mereka dengan kelompok berandal bermotor saat ini masih kita dalami apakah terlibat geng motor tertentu kata hendro","http://www.pikiran-rakyat.com/bandung-raya/2018/04/05/komplotan-begal-belia-berhasil-diringkus-422383"
"19",2018-04-05 07:37:01,"Sindonews.com","Pengamat: Gatot Berpeluang Jadi Kuda Hitam di Pilpres 2019","kamis april wib loading jenderal tni gatot nurmantyo fotokoran sindosucipto jakarta direktur eksekutif vox pol center pangi syarwi chaniago menyatakan mantan panglima tni jenderal purn gatot nurmantyo memiliki kans besar untuk meramaikan bursa pencalonan di pilpres meski elektabilitasnya masih di bawah joko widodo dan prabowo subianto pangi menyebut gatot bisa menjadi kuda hitam di pemilu mendatanggatot saya pikir punya kans dan berpeluang menjadi kuda hitam kata pangi kepada sindonews kamis disebut sebagai kuda hitam pangi bahkan memprediksi gatot bisa menjadi lawan tanding yang sepadan dengan jokowiwalaupun elektabilitas beliau masih di bawah prabowo dan jokowi namun elektabilitas gatot berpotensi terus tumbuh sementara prabowo dan jokowi elektabilitas mereka mentok atau jenuh imbuh panginamun demikian pangi menggarisbawahi kendala pencalonan gatot di antaranya yakni gatot belum berpartai regulasi di indonesia mengatur seseorang bisa maju sebagai calon presiden melalui partai politik gatot juga paham soal realitas politik tanpa parpol beliau tak akan bisa maju kata pangi pur komentar pilih salah satu di bawah ini","https://nasional.sindonews.com/read/1295392/12/pengamat-gatot-berpeluang-jadi-kuda-hitam-di-pilpres-2019-1522913685"
"20",2018-04-04 08:32:51,"Okezone.com","Tanggapan Mahfud MD Mengenai Puisi ""Ibu Indonesia"" yang Dibawakan Sukmawati","jakarta isi puisi sukmawati soekarnoputri berjudul ibu indonesia menuai kontroversi di kalangan publik bahkan beberapa kelompok masyarakat sudah melaporkan anak mantan presiden soekarno ini ke pihak kepolisian menanggapi hal tersebut mantan ketua mahkamah konstitusi mk mahfud md mempersilahkan siapa saja yang ingin melapor ke kepolisian bila merasa dirugikan terkait isi puisi yang dibawakan oleh sukmawati tersebut baca juga berderai air mata sukmawati minta maaf ke seluruh umat islam “kan sudah dilaporkan ke polisi ya silahkan aja diproses itu kan nanti bisa dinilai latar belakang dan kontennya” ujar mahfud saat ditemui di auditorium ptik kebayoran baru jakarta selatan rabu mahfud juga menyatakan dirinya tidak terlalu tertarik untuk mendengarkan isi puisi tersebut ia lebih menginginkan mendengarkan sesuatu yang lebih nyaman baginya “saya tidak tertarik mendengarkannya yang begitubegitu saya dengarkannya yang bagusbagus saja” terang mahfud diketahui sukmawati membacakan puisi berjudul 'ibu indonesia’ dalam acara tahun anne avantie berkarya di indonesia fashion week yang dihelar di jakarta convention center senayan beberapa waktu lalu dalam puisi tersebut sukmawati menyinggung tentang adanya azan syariat islam serta simbolsimbol islam seperti cadar hal ini lah yang dianggap oleh sejumlah kalangan melecehkan umat islam baca juga polri akan libatkan ahli bahasa dalam penyelidikan kasus puisi sukmawati fid • tag • mahfud md • sukmawati soekarnoputri • puisi sukmawati","https://news.okezone.com/read/2018/04/04/337/1882042/tanggapan-mahfud-md-mengenai-puisi-ibu-indonesia-yang-dibawakan-sukmawati"
